text,tag
 sir without mask vaccine keise le sakte hai ,NAG
 nimsjosh ghanta gopal modi teri chodi  ,OAG
 tum se yuwao ko bahut pareshani ho rahi ,NAG
 aaj khud virus ne vaccine li ,CAG
 sir kbhi apne promise k bare m v baat kar lijie kya hua jobs ka modi_job_do  ,CAG
 mere desh ke selfie queen mask laga lo prachar karne ke liye pura jeevan bacha hai ,NAG
 logo me visvash bare ga par dear sir mask b jaroori tha ,NAG
 modi g in this picture yeh clear nahi ho pa raha hai ki aapne corona ka vaccine liya bhi hai ya sr8tcgvdhx  ,NAG
 petrol ki baatpaar yxlbq4hcof  ,NAG
 sir ek baar aur diya jalana or thaali peetne ka aayojan karwa ,NAG
 himumamafanclub sir ham logon ka ek school hai jiska halat bahut kharab ho gaya hi sir school vpb847phbu  ,NAG
 jinke ghar sheeshe ke hote hain wo dusron ke ghar pathhar nahi feka karte kangana aunty ,CAG
 i think isi sadme se chhutya gaye ho ,OAG
 tu twitter kya karrahi tu kooapp me jake ghoo phailene wali abhi tak yahan kya karrahi bhag yahan ,OAG
 is topic pe aap kyun kuch nahi bolti kyunki yahan bjp ki govt lagta hai bolne se 8vm0uywwuy  ,NAG
 papa modi ke hote kahan case ho rhe terepe farzi aurat subah sham jhooth bolti hai jara list of sh 6ekaxfdenx  ,CAG
 pehle sochta tha bmc ne bahat bura kiya tha but ab mne sochta hno ki tumhara ghar ke sath sath tumhar lwss0mornx  ,NAG
 oho ab samajh aaya ki ye sab badtameeziyan jou tumney macha rakhi hain jissey case file hotey hain tum drf8hje82t  ,CAG
 aapne ghar main chahme laga kar kaun ghumta hain ,NAG
 aap abhi bhi sudhar jao to kuch nhi bigda h mai apka bahut bada fan tha lkin aap ne jo berojgaro p 0mshl5no0o  ,CAG
 badi besharam aurat ha koo ,CAG
 kaise gujre life kaise gujre yeh years har pal toh hum marte hain woh kya jane ,NAG
" jo sushant ke sath hua aur jo tumhare saath ho raha kangana, vo ham sab ke saath bhi hota hai h 5gpmansxe ",NAG
 jub tujhe pta hai to itna fudakti q ,CAG
 ab ise bhai ko promote karna hai ise nepotism nhi bolte kyaa chaalu aunty dramebaaz notanki ,CAG
 han ji kangana ji batao government job me dhadhelibaji kitni h paper leak ho jate h seat me se https:  t ,CAG
 kabhi rojgar par bhi bat kalo apane office me mujhe bhi ,NAG
 chalo berozgar bhai ko case deal karne ki kaam to mila ,NAG
 sach me kangana ek akeli tu hi thi jisne sbko entertain kiya aaj aapki gurumaa rakhi sawant ji aa nb6ubgzeqg  ,NAG
 tu aur tere nautanki jaake bhai ka ghar ka decorations karre the aur yeh sahi karne ke rupees nahi ha p7vnrwhvgp  ,CAG
 jab apna toota to dukh hua na jab farmers ke ghr ujadh rhe hai to tumko ko terrorist lgte hain ,CAG
 bakwaas na kareya karo pher kyun karna case kise ne hale v na tali ta ta ik no hai hor vadu ge besh 1iack19wid  ,CAG
 ye permanent koo pe gye the aur phir vapis aa ,NAG
 akshat ranuat bhai h kya ya rishtedaro m se koi ab nepotism nahi h ,NAG
 nepotism ki hadd hoti hai arrest karan ,CAG
 roz post karna hai na chahe kuch bhi ,CAG
 pagal aise aise pose deke dikhana kya chahti hai ki tu normal hai tera mansik santulan thik ni hai pag tsnvqe7lbe  ,CAG
 pagalkhane le jao is pagal ko koi aise aise pagal ko society me aise khule ghumne ni dena ,CAG
 tabhi to ulte tweet nahin aa rahe aaj kal ,CAG
 suna hai tum jail jane wali ho ,CAG
 kissa kya tha ? aap jaise log ye karte ho to baki hindustan ko kya message dete ho aur log jo kugwangpt1  ,NAG
 bolne ki akal bill kul nhi hai keese ghar v tor deti hai banti rajput famliy karti gandi bate or nach karti ,CAG
 broke again ghar ke andar kaala chashma ,NAG
 apne abhitak twitter kyun nahi ,NAG
 bhagwaan kare un kutto ko nark me bhi jagah na mile god bless kangana mam ,OAG
 unki pics dekhke e jal gayi ,NAG
 such bolne ka dard nasa gang ka nasa utarna baki maharashtra ke logo inko sabak sikhayenge ,CAG
 bhai mujhe bhi india team mein aana hai kaise main ,NAG
 bai cheating ke b had hoti hai ,CAG
 sharam nahe aati kya match jaisey day k tea k baed start huva aesa wicket banatey ho aur khud ko champion boltey ho ,CAG
 virat bhaiya dusri team dar jayenge tour pe nahi aengi ase hi khelte rahe to ,NAG
 kem gujrati bolta aavdi gai saheb thodi thodi gujarat ma aapnu swagat saheb all the best ,NAG
 sar mene ap ki mom ke nam pe letter bheja tha kiya wo letter ap tak pahuch ke ,NAG
 ab to cricket me vo maja nahi aata pahle jo bhagvaan or virendersehwag paji ki jodi ka dekhne 76c8wpm311  ,NAG
 stadium ka name kya badla yearsi pich bhi fenkoo bey imaaan ho ,CAG
 ghatiya pitch banake match jetke kya sabit karna chahte ,CAG
 herogiri ye sab karne me memechar pe memes banane me ,CAG
 ham marte dam tak virat bhaiya ka fan rahenge love u brand bhaiya ,NAG
 jab tak mere virat bhaiya khelenge tab tak har desh se jitenge chahe duniya ka koi bhi team ho tqkxcdzrre  ,NAG
 tumne kuch nhi khrb pitch ne kiya jo kiya ,NAG
 congratulations virat bhai but i have questions kaya aap ko lagata hai ki ahamadabad ki speech kharab ody7imqzoz  ,NAG
 virat yeh bol raha hain ke india performance ki wajase nahi pitch ke wajse jita jalkokde kuch reply ,NAG
 sandaer jet tem india ke bhuth badhi ,NAG
 virat bhai aapka form kyon nahin chal raha h ,NAG
 india ko ase hi jeet milte ,NAG
 bahut garv hai modi ji par or india team ko bahut bahut ,NAG
 test match kaise bhi jeet lo ,NAG
 ye tho bus teailer hai picture abi baaki hai ,NAG
 hello sir mara name shamshuddin hai may karanatak hubli say bol raha ho sir aap say thoda help hona ,NAG
 congratulations sir ji or jo ye khe ki pitch esi he to pitch dono team k liye same thi india kuch bombay khelne nai gai ,NAG
 century maro bhut din ho ,NAG
 badhai ho virat state mein number van per ,NAG
 rohit shrma ki pic bhi dal deta bhai usne kya bigada hai apka rohit shrma ki vajah se dono innings m lil1sl1hsx  ,NAG
 bhai koi or sports bhi khelne do india ,NAG
 ek dam vakbas pich thi tuje kya pata test cricket k kya manee hote ,CAG
 bhai tu bhi match me khel raha ,NAG
 sahi hai bhai fast pitch bhi banwao kab tak ,NAG
 tum sirf narendra modi stadium mey pic uthao students ka problem ke liye kaun bolega shame virat ,CAG
 aap batting pe dhyan lagao sir ye photo wagarah hum daal ,NAG
 koi hatters hai jo captaincy chahata ,NAG
 century kab lagaoge bhai bolo bhai ,NAG
 youth k liye kuch khe ,NAG
 isse badiya hamara yaha ka mitti ka pitch h ,NAG
 agla match road pe hi khel lena usme bhi spin bahot jyada hota he ground ki kya jarurat ,NAG
 vada-paav aka rohit ko bhi kabhi apne photos me saath le liya hard working hai banda match hai ,NAG
sambhal ja jao maine abhi gaya turant bhagte huve jao sunkar or share karke aao ,NAG
 as we know that modi hai to mumkin jaisa socha tha vaisa hi esse achi pitch to bangladesh ki ,NAG
 woh yuvi paaji toh kuch pitch ke baare mei gyan de rahe ,NAG
 yaar pitch to thek sa banva lete ,NAG
 jaldi thi root ko kankariya lack dekhne ki uski vajah chhe akshar patel ne match din me niptaliya alxyhrfkuv  ,NAG
 kabhi berojgaar yuva ke bare me bhi ek tweet karo kya yah antrik mamala nhi hai modi_job_do  ,NAG
 bhai ab toh cricketers bhi accept nahi kar rahe ki pitch bhot bekar thi batting ke liye 30 wickets me vaoc1peln0  ,NAG
 sur hamari help kar di jiye mai garib hu aap ka chota sa fain hu kholi ,NAG
 har baar tujhe captain bnata hu kab chalega ,NAG
 yahi log hai sala jo india loose karta hai match to sab gali dene lagta hai or jita to turant sir pr ,CAG
 ham berojgaron ke bare me bhi kuchh likh do jo aap ko celibrity banaye hai aap bhi tweet kar ,NAG
 kon se jyada runs ,NAG
 maza a gya hum ab final khelne se ek kadam door ,NAG
 indeed superse bhai ,NAG
 students ke hit me bhi kuchh bol dijiye sir ,NAG
 sir kbhi students ki tarf bhi dekho kya haalat h ,NAG
 badhaiyaan virat bhai apko or puri team ko agle match me or achha karna ,NAG
 lundia final me ponchny k lye kuch bhi kar skta ha aur final me ponchny k bad bheegy bili ban k har jaty ha bechare ,OAG
 hatt bhot darte ho aap log achi wickets pe jeeto maza bhi aye aur competitive bhi ,CAG
 bhai century kab aaegi ,NAG
 bhai pitch ko bhi to shabaashi do ,NAG
 england ki ma chod diye bhaiya ji ,OAG
 congratulations chikoo bhai ,NAG
 batting m bhi karlo ,NAG
 kabhi kabhi rohit ki batting ki photo share ,NAG
 test match mein pujara aur rahane ko rest de aur unki jagah kl rahul aur hardik pandya ko mauka de ravishastriofc ,NAG
 bhaen ke l har photo me apni dalna jaruri h jaise ye tumhari shasi ka album h atleast jinhone ,OAG
 pitch ne bacha liya nhi to ye match bhi gaya tha or captaincy ,NAG
 bhai century bana le ,NAG
 kabhi bhi kardo bhai tumare blind fans rote mujhse nahi dekhe jate yaha pe unpe taras ,NAG
 abhi ek bandha ayega aur bolega pitch towards home ,NAG
 vamika ke papa aur hamare kohli bhaiya ko bohot bohot badhai ,NAG
 bhai vo saab theek hi hai runs bhi ,NAG
 bas century chiye ab aur kuch ,NAG
 tere se toh ab ummid bhi nahi runs bhi maar de ,CAG
 bas test mein ek century mar dena sal se jyada hogaye century dekhe hue ,NAG
 batting bhi kar lo thoda ache se kuch sharam baaki h ,CAG
 ab thode runs bhi maar de ,NAG
 ye hamara system hai khalistan ko support karnewale ke liye kuch nai bolne wala kutta dulljit free ghum raha ,OAG
 maharashtra govt hmmm bobdu u forgot the names given to thm fir ye to gutter jaisa muh kholne se phel ,OAG
 ek sanatani hone ke naate aapko support karenge or sabhi ko bhi karna chahiye india mata ki ,NAG
 gutter soch wali hathras mein eve teasing k case mein larke ne larki k father ki goli maar kar murd ,OAG
" inter fail twitter ji, jaisi kerni waisi bherni ab socho ki tumney rhea chakaraborty ko ",NAG
 fake bhakto ki amma fwo4fo2hb0  ,OAG
 abhi police jail me kutai karegi sab hawa nikal ,CAG
 inter fail twitter kehtey hain ki karmoin ka phal samney aata hai so tumharey samney ,NAG
 behuda aur bematlab tweets karogi ya jaise karm karogi badle ma vaisa hi ,CAG
 madam g chacha ko kaam nai hai koi busy without zaara pucche koi pehle kaun si izzat thi hum ,CAG
 jail jaaney tayyar raho chusandiyo ki ,OAG
 kya khati ho aap pure din jo karti ho wo to bolti ho mgr jo karti nhi jaise farmers ko support wo kyu bol rhi ho ,NAG
 more more more power to u lady ek naari par ,NAG
 kitne beshram kutte hai kangna nhi pasand to block kar do par nhi idhar aakar bhokna hi hai khalistani kutto ,OAG
 pagal queen akeli tu nhi hain duniyan mein sabhi ko koyi na koyi misibat hoti hain fareed ji ne ,CAG
 javed chacha ke umra ho chali h unke diye ka tel khatm ho gya batti jal rahi h ignore maaro ,NAG
 aunty tu kitni padhi likhi hai ye bool pehle jaab tu gawar hi hai too phir haar topic ke upar ,CAG
 thoda thanda hojao kit na bhi karlo tum godmother nai banpaogi jaansi ki rani nai ban ,CAG
 toolkit mein deshdrohi jaise koi baat samne nahi aayi court nzylkvnygq  ,NAG
 aaj party hogi ndtv par ,NAG
 justice delayed but etna bada hadsa ho lekin kisi ne kuch nehi ek sal ki la ,NAG
 rahul gandhi ji bhi abhi tak jail nahi gaye itane case chal rahe unpe sab bhagya ka khel ,NAG
 tum chutiya ho tumhari baat ko hm serious nahi lete bsdk tum log etna leftist ho ke tumhare right ,OAG
 arre mc uske tareekh k speech se pehle tum jaise gaddaron ne jo speech diya ki sarak par aa jao trum ,OAG
 uc privilege hai bhai ,NAG
  sir kya aap mere panchayat ka kuch madar kar sakte hai 3tziysj1kar  ,NAG
  sonu shar garib ko bhi help chahiye me ,NAG
  sir mujhe ias ki tayari karni hai sir muchhe kuch help kar digiye sir and ,NAG
   dauthers ka school me admission karvana hai private school hai sir ghar ke pass hai dau ,NAG
   hello sir mai anupriya kumari bihar ki rahne wali hu sir mai bca kar rahi hu aur mujhe laptop k ,NAG
  please bhai hum ku thoda madat kar do hum bohat majboor hain hum ku paisa nahi chahea sif surgery karvad ,NAG
  sir help me please meri beti ki shaadi hai kuch dino me aur mere pass kuch bhi nahi hai please meri madad ,NAG
  sir mere maa dil ma chad ha es gariv ke liye help sir uyes130f5e  ,NAG
 kabhi to hum youth k bare me bhi sahi socho bina babuo k aap des ka koi bhi vikash nahi kar sakte ,NAG
 indians ko dusre logo ki jarurat nahi h modiji k aao hamare yaha invest karo aap jo sab d ,NAG
 jai ko shree ram wha mankeya aap ke soch sewa ka name may bakthey ka nam ,NAG
 invest like fraud company pnbhfl customer ka khoon choosne me mahir aatmanirbhar au ,CAG
 naukari har years sudhar spineless ,NAG
 is ko kya diya covid dawa is jaise desh bech ne wale jumle baj feku ko our uske chatu karo ,CAG
 sarkar ke saath problem yeh hai ki desh mein problems bahut jyada ,CAG
 so the spinner is delivering bouncers upar se ja raha hai kisi ko samaj me nahi aa raha be brave elaborate ,NAG
 tum ignore karo bhai ye chaubey chutiya hai life jhant ho gayi hai iski chatte chatte zyada bol ,OAG
 ye  pagla gayi hai ye odi me aram ka kya matter hai fome me hote hue bhi enko ,CAG
 sir odi series khelena please abhi khelo mauka ha jab chuti milagi toh ho sakta h ,NAG
 kuldeep se toh fielding hi karvayi jaati sahi hai ,NAG
 rohit hain to mamla super hit hain ,NAG
 scampering kyu likha bhaiya sidha bakchodi likhte ,CAG
 odi khelo iss years ek aur aayega ,NAG
 bhai kitni baar delete karoge ,NAG
 abe yrr ye sir ne pichhle match ko troll karte hue likha h rohit bhai ,NAG
 elegance__45 imkuldeep18 jaldi se ss lelo rohit bhai delete karne ke ,NAG
 bhai pehle wale deshi version tha ye scampering ke liye to google karenge kai ,NAG
 kya smile hai rohit bhai aapka masala dena toh nahi ,NAG
 koi hot movie banaa priyanka ,NAG
 ye naak ka kya haal kar liya madam khud apne looks se itni insecure ho aur public ko gyaan deti rehti ho ,CAG
 herogiri ye sab karne me memechat par meme banane me ,CAG
 itni ameer ho baji kabhi desi dress bhi pehen liya ,CAG
 mujha koi v kaam av nahi meel raha hai sir mujha kaam chahiye koi v kaam chalega mujha ,NAG
 platform ticket hum to ke ticket ko leke bhi bar sochte hai ,NAG
 ek aur nepotism ka product launch hone jaa rha ,CAG
 srk sare actors esliye successful horhe h ki ye apko apna guru ,NAG
 aap sirf apne dost aur star kids ke poster lgao kyoki kl ko unki jroorat ,NAG
 nepokids ko kitni easy se film milta hai kitna talented outsider young ,CAG
 kya khub kaha hai kisi ne jal gayi per bal nahi star kids ko ,NAG
 petrol paar canadian ka tweet kaha hai j6rwzy1j0u  ,NAG
 farmers k liye to muh se ek word nahi yahan dekho kaise po ,CAG
 sir sooryavansi ki release date bta do yaar kab aa rahi hai ,NAG
 or flop actor aa chuka hai bhai log ,NAG
 arre sir khatro ke khiladi union trend pe ,NAG
 kis kis ko nayee movie launch hote hi sushant singh rajput ka chehra dikha ,NAG
 jaise bolte hai na ki ye china ka maal hai chala to chand tak warna raat ,CAG
 sethji aur anna ek aur movie karlo ,NAG
 socha na tha aap bhi nepotism ko support aur endorse karenge ,CAG
 twitter par to tadap chahi waah india ek aur ayesha ki jahnum se ri ,CAG
 nautanki deshbhakt wo petrol price hike pe firse dialogue nahi marega ,CAG
" mtlb yeh bhi chakki se badi hit de dega jaise ranveer, shahid aur ",NAG
 petrol aur diesel ke bare me bhi kuch bola itna bad gaya hai phele to bahu ,NAG
 lo bhaiya ye hai nepotism bilkul thik hi kaha gya hai ye log sirf apne ,NAG
 sir my name is harish joshi from uttarakhand bageshwar sir m bed karna ,NAG
 kabhi kisi din aisa bhi kar do ki hum sooryavanshi ki news sun le ,NAG
 abe tu canada ki kuch stars ko promote kar ,NAG
 car petrol se chala rhe ho ab ya pani se ,NAG
 akshaykumar sir ji ab apni sooryavanshi bhi announce kar do ,NAG
 ladki ke peeche mu kyu chupaya hai poster ,CAG
 sooryavanshi ka date bhi announced kar dijiye na akshaykumar sir please ,NAG
 ur sir ji ab modi ka interview nhi karo desh ke yuva ki baat nhi karoge rojg ,NAG
 sir dusre ki movie announcement karte ho apni bhi kar dijiye sooryvanshi ,NAG
 bhaijaan mai h r malik belongs from w b bhaijaan mere pass apna likha hua ,NAG
 sir aaj sooryavanshi ke trailer ko ek years ho gya film kab aayegi coyaftvuve  ,NAG
 yeh lo abhi nepotism ke dabate ,NAG
 kabhi khud ki film ka v soch lo pajj sooryavanshi ka kya ,NAG
 sooryavanshi name ki koi film aapne ki thi sir bhool gye ,NAG
 aaj malum huaa ye dialog aap apne fans ke liye isme dale aisa mat kijiy ,NAG
 sir ek sooryavanshi ka bhi announcement kardete toh maza aa jata ,NAG
 one more love story kuch aur milta nhi kyaa youth ke dimag me ku gobar bahar rahe ,OAG
 nepotism ka ek or namuna paish ho raha hai ,CAG
 apni movie kab laa rahe ho ,NAG
 sir puchna to bekaar hai par puch leta mai ek soldier hu writing me ,NAG
 sooryavanshi ka bhi update do guruji v0hxplxwuo  ,NAG
 mccauley se puchh lena pappu party k prakhar buddhi neta christians ka pahla school kis sadi m ,CAG
 sir maine bahut suna tha bajurgon se ke log apni ijjat apne haathon se kho dete hai par apke tweet ,NAG
 bhai dil jeet liya ai ka use kar k aisa lg rha hai bhagat singh abhi bol padenge true leader ,NAG
 bhai mein sardar bhagat singh ko zinda dekna chahta tha app ne meri wish poori kar di chae ai se hi sahi thanks ,NAG
 can this be done with chhatrapati shivaji pic ,NAG
 maafi maangte hue veer sawarkar ki pic par aisa kya galat kiya hai ,NAG
 lost in that smile man kara ki dekhta hi ,NAG
 ye kaise banate hai koi app hai ,NAG
 tera baap hai graph dekhna hai antinio maino ka dekh kis tarah nachaniya se sari me aa gai ,OAG
 dollar rate bhi bata dete se ,NAG
 tum graph share karo bus phir bolte ho evm hack ho gaya kaam kar le jawani ke ,CAG
 gdp k alawa bhi chheeje hai uspar bhi dhyan dijiye rapes murders badh rhe hai kam nhi ho rhe ,CAG
 tere pichwade ki jalan to ab burnol bhi bujha nahi sakta ,OAG
 yeh tho main se sence wali baat ,NAG
 jab opposition pm ki beard jaise cheez pe comment karne lage to samjh lo lotna frustations se bhare h ,NAG
 ye samaj ki wo aunty jiska kaam bs dusro ke ghar main peek a boo karna rehta or khud ke ghar ma ,NAG
 congress ab dadhi ki length naap ne me lagi hai hadd ,NAG
 haad hai gadhe koo mudda nahi mil raha to beard ki size pe hi politics chalu kar di yeh level hai chamcho ka ,CAG
 shashi ji aap to bahut romantic kisam ki insan ,NAG
 yaar daadhi toh march ke baad badhana shuru kiya hai ,NAG
 bhago mat chuppi mat sadho ignore mat karo students sawal pooch rhe h jawab do ye whi students ,NAG
 bhai tere pass koi kaam dhanda to raha nahi hai tu apna settings wala kaam chaalu rakh life ko enjoy ,CAG
 yeh tau babaji ban desh ki propertie bhi name karwa li babaji sanyaas kyo nahi lete sahi baat hai ,CAG
 ban ne ke der hai ab tab gift bhi milega ,NAG
 shampoo boy paagal ho geya ,CAG
 kisi ne bar dancer ka graf bna diyo to tum chutiyo ki ftt k hath me aa ,OAG
 aa teri gaan pe sunanda ka graphic illustration draw karte hai ,CAG
 yum to humne lakh gadhe dekhe hai tumsa nahi ,CAG
 thu tension mat lo modi g ko vote gdp ke liye nahi desh ko jai shree ram 370 aur china ke p ,NAG
 aur v koi mudda hai tumlogo ke paas or aisw sab nalle ho congress me jinko pm ki dadhi se v problem hai had hai bha ,CAG
 priyanka ji agar tea industry ka epconomical survey kar ke matured batain karti toh uchit hota vote ,NAG
 tujhe bangla chunav result ke din pata chal jayega tharki ,CAG
 ab kuch mahan log bolenge ki ye desh ko age lejane me itne busy hai ki time nahi hai kuch or karne k ,NAG
 kamaalrkhan waah re chuthiye itani halki ho gayi soch ki tu ab body pe majak udane laga vaise ,CAG
 haramio ke pass ek bullet proof jacket ke aur ek ek rafael ke bhi rupees nahi hote sirf loot ,OAG
 aap bhi ek baar modi ji se mil kya pata apki bhi growth ho ,NAG
 waah kyaa kiya hai comparison bhi sharma jaaye beard and graph aur bolte hai inko troll kyu karte hai ,NAG
 raga ki ghat ti hui buddhi ka graph hai ,CAG
 poor sunanda pushkar was killed by some monster bhagwan kare keede pade us kutte kamine ko jisne marwaya use ,OAG
 ab samjh aya aap k upper itni ladkiya kyo marti hai aap ka sense of humor bhi mast hai vaise sha ,NAG
 indian politics me tumhari yehi aukaat hai tharoor miya lage raho election tum ya tumhara baap ,CAG
 ye hai hamare chomu neta ka graph ,CAG
 sab theek hai ye bata biwi ka murder kyo ,CAG
 arey tujhe ye bakwas tweet karte huve koi kuch bolra nahin kitney pappu hai congress ,CAG
 kitna jalte ho yaar aap log kabhi humne bola hai kya modi ki beard jitna baad raha hai utna hi pappu ka dimag kaam ho raha ,CAG
 modi ji ka growth kuch jyada hi ho raha he gdp me nahi unki dadhi me ,NAG
 shashi ji tum to tharki ho na khud ke wife ko gayab karwa de wo kaun ,OAG
 this graph shows the mukt tre  ,NAG
 aage bhi 2008 ka batao nirav ko party ke baad loan mila wph bhi batao apki party ke lawyers ,NAG
 ise se tuje kya problem ,CAG
 modi ji ki dadhi badhti gayi aur congress india desh se sikudti ,NAG
 gdp ke baare mai woh samaja raha hai jisne aapni patni ko maar diya waah reh tharoor ,CAG
 who killed sunanda pushkar dada ,NAG
 sharminda hone ke liye teyar rihana rehna not ,CAG
 bhosdike shashi chodhu corrupted ,OAG
 beard ki length se unka pta chal rha hai jii ki vo kon hai ,NAG
 ek baar apne malik ka bhi naap liya hota malum to pd jata ki uska hi ki nahi bangkok jakar karta kya hi deta hi ki leta ,CAG
 bhai sahab wife ka murder kerna guts ka kaam aur aapko maharat haasil hai usmein ,CAG
 arey wo buddi heen admi sudhar apne paas abhi bohut time hai ,NAG
 kabhi hamara bhi size check kar lo tharki chacha ,OAG
 last wali pic shashi tharoor ne banai kya waise ab toh bata de kya de ke mara tha apni biwi ko ,CAG
 satak gaya buddha biwi ko mar i mean suicide ke baad ,OAG
 toh kya he looks like a king in any dress or style thodi angrezi bholne se raja ki khadar ayegi ,NAG
 dilemma toh yeh hai ji ki retweet kiya bhi jaaye ya ,NAG
 aapka wo yoga thik chal raha he na gujarat results ke liye ,NAG
 jo ye edited pics post kar rhe hai vo ye khud bhul chuke hai k vo bas congress party ki  ,CAG
 baki parties ke log hardwork kar rahe hain or incindia wale modi ji ke bal nap rahi hai bhai wa ,CAG
 to the point sir bhakto ki to jal gayi hogi give them burnol ,CAG
" abey , personality tere se kahi guna achhi hn duniya diwani hain uski ",CAG
 chutiya bhai chutiya shut up and get lost ,OAG
 per share market ka price badh raha ,NAG
 last wali pic thik se edit nhi hui ,NAG
 dekh lena is dadhi ka bhi sahi samay ane pe full credit lenge ye ,NAG
 suit kar raha hai modiji ko problem hai kya ,NAG
 daru pi ke kuch bhi sharir ke baal aur politics se kya ,CAG
 agar covid time pe tum satta me hote ab tab hindustan ko sab ko bikhari gulam bana det ,CAG
" ghantiya type ka sade hue dimagwala ,kachra type ka vyakti kaam ka na kaaj ka dushman ",OAG
 tharoor get well congress mein sab tumhare jaise hi bhare hai isliye congress ab hindustan se jaa rahi ,CAG
 hotel leela me kya hua tha uss ,NAG
 by the way ji ka naak indira dadi ji jaisa   ,NAG
 es charasi ke dimag me kitana gobar bhara hai isake tweet se pata chalta ,CAG
 rahul baba push up mar k aur niche fek denge nahi baba nahi ,CAG
 graph thoda aur niche gira to aap dikhne kahoge ,NAG
 ashleel landa ab photoshop bhi karne lag gaya ,OAG
 gavaar shampoo uncle pehle kuch google kar liya karo kamsekam teeth karne se pehle ,CAG
 suna nda ji ke case ka kya hua ,NAG
 congress ke tumhari keval angrezi hi achi dimag se to tum pure paidal ho tumhare tweet ,CAG
 ji sunanda pushkar ke murder case ka graph kaha pr atka pda hai ,NAG
 modi hai to mumkin hai yah jo aap grafik janata ko bata rahe hain apne gaand ka hal bhi bataiye ,OAG
 abey chuuu thaiye q2 kaa ab bataara kam se kam homework karna bey ,OAG
 lekin bande ne beard ko itna straight kaise kiya ,NAG
 ama cheecha tumko to beard aati he nahi isliye jalte ho ,NAG
 ye deko madarsa chap student ka talent madarse mein pada huva vyakti aisa hota hai madarsa chap chor ,OAG
 family party congress ka chamcha maansik rogi ho gya hai ,CAG
 kasam se yar pappu ko smart dikhane ke liye ache ache netao ko chutiya wali bakchodi karni padti hai ,OAG
 ha bhai tharki tharoor abhi kis ko apne jhase mein le raha hai ye sab graph dikha kar sanjukta basu ko ya wo wali ,CAG
 korach standard okke avam icu troll share cheyandi varunna thanik okke aarado vote cheyan pone ,NAG
 tu yehi sala teri khongress party ka graph pata chalega k tum logo ki aukat kya rahi hai a ,CAG
 lagta hai miakhalifa ke dose ka asar abhi tak hai ,CAG
 aa gaila aukaat par biwi k jaan ki qurbani v nhi bacha payi tumhari party ko nestanabut hone wale ho taiyaar ,CAG
 to kya ab gdp ke chakkar mein saaheb daadhi kata ,NAG
 ye congressi modi ji ke beard ke pichhe hain aur janta congress mukt india banane ke pichhe ,NAG
 malkin ka skirt bhi aise hi banate ,NAG
 cc inki koi badhi huyi daadi main pic banao bhai uncle ko modiji ke daadi se jalan ho rahi ,CAG
 abhi kaa to batao gdp kese uper jaa raha ,NAG
 aap meme banate rahiye udhar bjp sarkar banati rahe ,NAG
 chutiye log tum dadi napte ye tumhari puri party naap jayega ,CAG
 dumbledor ko gussa aa gaya to pata haina kya hota hai ,NAG
 malik kisi bangladeshi se photoshop ko training le rahe ho kya ,CAG
 shame on kab tak pappu mutra pee pee kar jeete rahoge kuch self respect name ki cheez hai ya ,OAG
 ek chaiwale ne kitne andhbhakt cup dhone k liye lagaye ,NAG
 isiliye rahul ka iq itna weak hai bade bujurg kehte hain sangat achhi honi chahiye jaise ho sangat vaise ho mangat ,CAG
 tera graph londiya baaji mein kya hai duniya janati hai gyan mat pel ,OAG
 late sunanda pushkar be like mujhe maarkar ,NAG
 photoshop kahan se sharam karo leela jao ,CAG
 oh tharkiroor par tera tharak ka graph toh kaafi upar chadd raha hai na tu bass wohi dekh bhosadike ,OAG
  bahi yaha corona nahi hai ,NAG
  congress gathbandhan jeet raha hai survey ,NAG
 no doubt wo ek aisa example set kar gay humsub ke liye jo sarahniya aur aapny uss legacy ko bohot ,NAG
 hello sir mujhe ap ki ek madad chahiye thi sir please main kuch bhi kar sakta hu ap ke company ke ,NAG
 sir mujhe aap se milna ,NAG
 tata nu ratan india ratan ,NAG
 sir mujhe b job dijiye na tata company ,NAG
 sir gaadi late diliver m bhi ,NAG
 abhinandan hame tata group par garv he ,NAG
 sir aap mere prerna hai aap se bohot kuch sikhne ko milta hai kismat ne mooka diya to jrur apse mulakat hoogi sir ,NAG
 ratan ji ko narendra ka namaskar sir yeh mera aapko first massage hai mujhe aapse ek support ki zarurat hai thank ,NAG
chutiyeye petrol rates kya hai ,OAG
padne se kya hoga jab jobs he nhi hoge aise itne log padh ke jobs mang rahe ,CAG
kyse pm ho yaar hum yuva itne din se bas baat karana chahte hai reforms chahte hain or ek pm ki itn ,NAG
piyushgoyal ek to vacancy kam upar se jo denge wo b time pe ,CAG
tum tho hitler se bhi yada kharab ho ,OAG
aur bhi mudde h uspe bhi discuss kijiye ,CAG
modi ji hum bebus students ki bhi suno ,NAG
sir master kar ke baithe hue hain ghar ,NAG
aare kha ho sir aap kewal baade baade baate karne ke liye hi aate ho uttar pradesh ki incident ke ,CAG
narendramodi respected atmnirbharta ka arth apke najariye se kya ,NAG
modiji kamakhya temple mein aam janta ko pereshan karte hai aam janta ko darshan kerne nahi deta hai ,CAG
"education kee baad kay hoga kee baad kay hoga loog 12 , kee baad job nhii pa rahe ha ",CAG
her gram me swasthya suraksha karayi ,NAG
modi ji reacharge maar ke do baad me apko troll bhi karna hai ,NAG
uss talent ko phalne ki koi yozana hai ye education minister aur babu talent ko phalne aur phulane daingai nahi  ,CAG
talent ki kami nahi hai par talented log berozgar hai aur babu talented nahi ,CAG
kaun si sthaniya bhasa kaya aapke behtarin institute bhartiya bhashaon ko zara bhi mahtav dete ,CAG
kaya bat hai bhkati ke yug main aapne research ki bat kar dali sir kuch karna bhi ,NAG
rohit shetty khatron ke khiladi season summer participating bsgautham akshay kumar priyan ,NAG
bhatkaiye nai sir hum students ki v suniye or thora vacancy ko time pe karwa dijiye yehi humare liye vardan ,NAG
sir kabhi rojgar per bat kar ,NAG
chacha petrol aur diesel ke bhaav kam kar do aab to crude bhi sasta ho gaya hai ki jeb bharne me ,NAG
music hi uncha rakh skte hoo because tirange ,CAG
lagta hai sab logo ne vaccin leli hain jabhi itane pass pass khade hain ,NAG
sir mera mumy ki treatment ki wajase humlogoka sabkuc ,NAG
main up ko gmail main vhi mall kiya tha up se contact ,NAG
hello bhai aapse baat ho sakti h kya salman ,NAG
hi salman sir kese hu aap mai ksa me rehta hun mere ,NAG
i m your biggest fan sir mujha koi v kaam av nahi ,NAG
bhai hamen bhi madad chahie please help ,NAG
please mujhe aap se baat kerni hai sir ,NAG
sir ma am mujha koi v kaam av nahi meel raha hai ,NAG
salman khan sir please help me meri madat kijiye me  ,NAG
singer saare piche hain aur actors aage kuch to sharam karlo ,CAG
sar ap ke nam se ek letter likha tha kiya wo ap ko mila sar ,NAG
sabhi sath rhe or pyar se yahi india tha ha or ,NAG
love u bhai jaan from ,NAG
kabhi hamare sath bhi selfie karwaoge salman ,NAG
bhai ek shabd to farmers ke liye bhi banta hai ,NAG
plz ek bar bigboss me hume bhi bhej do sapna he ek ba ,NAG
bhai jan humlog bhut parisan hai pls aap sabki madf k ,NAG
sir maine voot par bigg boss ke liye ek audition diya ,NAG
kash hum ko bhi ek mauka mil jata with a great ,NAG
ek number bhai ,NAG
tum bhi bik gye zee news laga ,CAG
salman sir please help assam se bol rahi   ,NAG
sir please mujhe aap se baat kerni ,NAG
app devil ke pichhe devil aap ke pichhe ,NAG
sir we are also human ek saath lives dua denge sir ,NAG
beingsalmankhan sir selfie to yahan bhi dikh rahi h ,NAG
please help me bhai ,NAG
music league hai aur sare singers ko last me khada kiya hai ,NAG
ye bhi sahi ab ye media ki trending news ban jayegi ,NAG
sir please ek moka dijiye big boss ke bhakt hai ,NAG
love you bhai jaan salman khan bhai to bhaijaan hai s ,NAG
selfie to banta hai kyunki bhai jaan jo ,NAG
aaj late ho geyi mein ,NAG
mujhe aap se only minutes baat karni ,NAG
bhai aap selfi le rahe ho udher mar rahe hai unki selfi kon lega ,CAG
sir chhachundar lag rahe ho aap aapse achcha to pakistani prk ,OAG
yah show trp ke sare record tod dega kyunki so bhi to ,NAG
kabhi farmersprotest ya pe bhi kuch bol diya ,CAG
salman bhai please help me beingsalmankhan bhai jaan ,NAG
plz sir hamari madad ki jiye sir salman sir halat bah ,NAG
kyu re murderer photo khich raha hai desh ,OAG
hamare neta aur celebrity siff selfie me hi rah gaye ,NAG
chal bhaijaan selfie le lere ek chota selfie ,NAG
socha tha pathan se photo ,NAG
dekho dekho canadian ka baap a ,CAG
salman bhai aaj rat zee tv par pm lfk2iwfgsg  ,NAG
bhai aishwarya kasam aap ko pathan set ki pic bhi post karna ,NAG
please mujhe aap se baat kerni hai sir ,NAG
bhai jakky ki kasam thoda toa pathan k set se pic leak kardo ,NAG
bhai yrf bsdk se ab umeed nai aap hi kuch leak kard ,OAG
bhai koi jugaad hai kya pathaan k announcement ,NAG
radhe ka teaser do ,NAG
aaj toh friday hai ,NAG
so cute bhai jaan c5ez6ehq3l  ,NAG
are bhai pathan ka join kiya ,NAG
 sir aap jald se jald thik ho jaeiye get well soon ,NAG
 kuch asa likho jo samjhe logo ko sir ,NAG
 sushant ke liye stand le lo iski bad sab log sochenge aapke bare ,NAG
 sir mujhe job chahiye ,NAG
 yes sir be well abhi puri life hai baat karne kai ,NAG
 rozgar farmers petrol bahut kuch hai likhne ko lekin darr bhi ,CAG
 ye hai kya petrol price related kuchh hai kya ,NAG
 sir ji kabhi price hike ka bara ma to kuch twitte ,NAG
 sir mar q nahi jate ho aap plz mar jao petrol diesel ke price itna zada bad gaya hai aur ab nahi bol r ,OAG
 ye bhi retweet kiya logon ne ,NAG
 ye allahabad ka lala hai hisab kitab rakhna pushtaini kaam hai tweets ka bhi pakka hisab rakha hua hai ,CAG
 sir ji agr aisa hi karte rhe to ek din aisa aayega log boycottamitabh ka trend shurukar dege ,NAG
 sir aapke office se call aa rahe hai aur jaisa audio me bola ja raha h thik vahi bat batai ja rahi h ky ,CAG
 farmerso ke uppr bolo na kuchh jinka khate ho unke liye aapke pass words nhi h or sbke baare me h ,CAG
 bachan sir waise bhi hm bihar se hhamko ye pata nhi h ki ye t kya h sir please aap bata ,NAG
 waise aapne t karne ke baad bhi duniya me hi ho kaafi din chal ,NAG
 sir petrol ke liye loan chahiye loan karva ,NAG
 hot hi sir aisa bi hota ,NAG
 sir yeh numbers kya hote ,NAG
 mananiy amitabh bacchan ji mera name santosh kumar hai main to anpara se viklang meri wife aur main ter ,NAG
 aab tak tweet kiyee farmerso ke haq main v bolo uncle bhai ,NAG
 ab patrol ke dam nai badd rahe ab aap kyo chup aa mudi ke kuttee sharmkaro ,OAG
 maafi mangne se kaam nahi chalegaa fascist ke samne khulkar likhiye ,OAG
 jin yuva darshakon ne aapko kamyabi ki bulandiyon tak pahunchya unke samarthan main aapse ek tweet nahi ,NAG
 itna name aur shohrat kamanene ke bad bhi agar sarkar ki buri nitiyon ke khilaf ek tweet nahin kar sakte ho to aap buj dil ho ,CAG
 hindustan ki janta se aise hi haath jod kar maafi maang lo show some guts and support the farmers of ,CAG
 gay insan kissanektajindabad bare bhi bol ,CAG
 get well soon big  ,NAG
 chacha petrol ke rate bata rahe ,NAG
 aap ye b band karne ke liye kya loge ya meri maar lo par band karo mai so nahi pa raha hu a ,OAG
 play kbc with big b final question ,NAG
 t baar mere taraf se c b or haan abhi modi bhi petrol diesel kar de aap log kuch ,NAG
 ye bachkana harkat karna chhod dijiye sir please ,CAG
 shabdon ke badshah sir  inka darr hai ya direct inke papa ,NAG
 job kishan aur navjvan ki help ,NAG
 t sayad aap bimar ho isliye faltu post karne lage ho kuch karna hai to petrol and diesel and kishan ,CAG
 sir ka ye code hai jo inke es kode ko bata dega sayad sir use jindgi ki o shari khushiya de ,NAG
 petrol diesel pe bolne vaale aaj chup kyu hai ,CAG
 kya bachodi hai bey chutiye buddhy time nikalky marjaa bhai ,OAG
 sir ji government ko kuch bolo yuva log presaan hai job ke bare ek bar kuch to bol do please ,NAG
 sar main bhi aapki hi film dekh raha tha film ka name hai ,NAG
 main bhi aap ko pasand kiya karta tha isliye thodi dua nikla jati hai you get well soon fan to ,NAG
 hippocrasi ki bhi koi seema hoti ,CAG
 sir ek baar jawaab dedo ye number ,NAG
 your biggest fan sir mujha koi v kaam av nahi meel raha hai sir mujha kaam chahiye koi v kaam ,NAG
 ji farmers samarthan mein kuchh bolenge petrol ki rate pr kya khyal hai log rojgar ,NAG
 is baar number sahi dala hai lagta hai pani zyada dala ,CAG
 bhagwan app ke sath hai big  ,NAG
 amitabh ji petrol ke bareme kuch to ,NAG
 are ap abhi jinda hai hospital me the ,NAG
 ab ji aap bimaar hai good par aapki aatma to kab ki mar chuki hai ,OAG
 help chahiye tha shar garib hu job chahiye ,NAG
 sir apni car ka number pura he likh ,NAG
 kyaaboltitu ye try karke ,NAG
 petrrol ka kimat ky hai k bath ka ap ko yaad v hai ,NAG
 modi ke khilaf twit nhi karoge petrol pahuch gya hai ,NAG
 number se itna kya farak padne wala hai aapka tweet number koi yaad nahi rakh raha hai idhar jo conte ,NAG
 amit sir galti se aapka phone aapki grand daughter ke hath lag gya hai please take care kuch ulta sidha na daal de ,NAG
 vo petrol ke liye aap loan lene vale the n me ab jarurat nahi hai kya petrol loan ,NAG
 ab kya hua amit ji ab to petrol ke dam bahut saste ho gaye eske bare me aap apna raye dijiye ,NAG
 sir do rupya ko ab petrol dekh skte ho spray nhi kar skte ,NAG
 sir app ka modi ji shate kitne may deal desh ko bech ne ,CAG
 amitabh jee ko ab advertising nahi karna chahiye besharmi ki hadd hoti hai log dekhte hi channel badal dete ,CAG
 sir par ke bare ssc ke bar student ke sat ek bar to khade ho jao are khade ka ek tiwt hi kar do atma ki santi mil jaye ,NAG
 amitaabji main aap bada fan ,NAG
sir kuch ham students ke liye bhi bol dijiye ik tweet kar dijiye bas kuch nhi chahiye please sir ,NAG
kabhi rojgar ke uper bhi tweet kar liya karo ,NAG
yaha baccho ka future destroy ho raha hai vo bhi to dekhiye sir jawab dijiye jo ,CAG
modi ji kyun agli baar k liye raste band kar rhe ho apne thoda soch lo ek chota sa ,CAG
bhago mat chuppi mat sadho ignore mat karo students sawal pooch rhe h jawab do ye whi students ,CAG
jaanwaro ko bhi honesty and loyalty jaisi cheese maloom hoti hai aur unko follow bhi karte hai animal ,CAG
pe bhi kuch trend kar rha h ek baar dekh ,NAG
no pr jo trend kar raha ha uske bare mee bhii boliye aur abhi kuch derr mee no pr aa jayega modi_job_do  ,NAG
apne in lammbe bhasno s age badho desh k yuva ko rojgar do modi_jawab_do  ,NAG
aree aap phir faltu kii baat kar rahe ha rojgar kii baat kariye aap ek bhii company open nhii karva ,CAG
modi hai toh petrol price bhi munkin hai ,NAG
 jai shiva s love for all shiva shiva shiva shiva shiva shiva shiva in all om shiva om ,NAG
jungali janwar ko hi bolna ki tumhen vote dekar pm banaye kyunki tumhen ab insan se pyar to hai nahin ,CAG
tum to pura animal ko bacha kar aur pura inshan ko barbad kar rahe ,CAG
sir ham logo ko jwab chahiye jo ham logon ne ko jo tweet kiya tha uska kaya aapke dil mein ,NAG
sunday ka plan kya hein ,NAG
qu bhai fir koi gaana flop kar ,CAG
konse song ki maa chodi bhaiya ,OAG
maaf kar bhai aur gana na nikalio kan mein se khoon nikalta hai agar galti se sun jae ,CAG
kyu app ko itni khusibkaha sei milti hai hum to apne school ke homework karte karte thack gaye waise ,NAG
please is baat pe koi naya gaana na bana dena ,NAG
bhai tu jab bhi happy hota sala hum logo ko tension hone lagta hai ki kahin ye naya bawasheer na ,CAG
kash ek song mujhe gane ko mile aapke sath ,NAG
bus kya abhi bachhe log ka natak bundh mumbaisaga bap log ka game chalu ,OAG
kyo bhai modi ne job dila di ,NAG
bro kuch aisa karo jo logo ko rozgar mile ye naye naye gane se kya sikha rhe ,NAG
wah yeh toh ban gya gaana gaana gaana super happy ganaa gaana gaana million hai ise pahunchana ,NAG
tum chahte tho gulambi mil samkti thi vro pamr tu kaamli se khus horaha ha thims is whamt camlled tu ,CAG
kis bat ki khushi h bhai share karo hme b khushi ka moqa ,NAG
phir se kayi logon ki kaan ka operation hone wala hai lagta ,CAG
oh usne bola kunwara hai single nahi bola zyada khush nahi ho tere bhabhi vo hi banege ,NAG
u can do it tony ji propose kar hi do ,NAG
pawri ho rahi hai ,NAG
or veere kyu intne khush ho vajah clear kar do nhi toh tumhare mentions saare ek baat se bhar jaayenge hope u get it ,NAG
teri super happy hum sab ke liye khatre ki ghanti hai kuy karte ho aese pichli bar wala song sunn ke ,NAG
dekh usne yeh nai bola ki single hai usne bola bachelor hai iss route ki sabhi line vyaast hai karipya ,NAG
super happy na tho ja kar bol do ab apne dil ki baat usko dekho koi aur saath de na ,NAG
tere liye assurance nahi hai bhai udhar kuch nahi hona koi naya dhund warna channa mereya sunna ,NAG
sid bhai ka comment dekhne ke baad bahut khush dikh rahe beta wo tumhari hi hai kenadaaa jao aur je l ,NAG
bhaag jao warna tumhara booty shake ho jaega abhi yhi perabhi humare hero ko jaa ,CAG
tonny sir abhi moka is baar bol hi ,NAG
dp hatawo sale bhosadike lag rahe ,OAG
humko pata iski koi single hai ,NAG
tony bhai gana bnd kardo yar pliz pichli bar bhi tumhar aawaz sunkar mrte mrte bchi thi dhickak pooja ke ,CAG
tony koi good news hai humse share nahi ,NAG
tony mast chance hai abhi ,NAG
himmat dikhao aaj or bol daalo aise chup chup ke pyar kb tk karoge kuch daring kar yr ,NAG
yeh khush hai line saaf hai iskey ,NAG
aapki khushi ka raaz jaante h bas ab propose kardo taaki sid se hnesha ke liye peetcha chut ,NAG
ye timing kaise set hoti hai tumhari har ,NAG
aab vo free h enjoy ,NAG
sir aap bataye nahi jasmin aur aly k saath mv karne k baare mein ,NAG
sir humari bat pr bhi dhyan do modi_rojgar_do  ,NAG
  life me pehli baar sahi cheez pe aawaz uthi ho raid pr gya kya ,NAG
  raid kaisa chal raha hai chamchi ,CAG
  it raid ,NAG
  are chutiya aurat study iq pe video bani h is case ki vo dekhle seedhe bhokne na lag jaaya ,OAG
  judge bhi saste nashe kar k judgement de rahe hai aajkal ,CAG
  rapists ko noukar nhi banaye aur husband banaye soch kar hi gussa aata ,OAG
  ye new india hai yahan judge ko faisla pmo se order hota hai after retirement bjp se rajya sabha bhi to ja ,CAG
  ek to usne rap kiya pata nahi usme aur kon ko si bury aadat hogi to larki ko to pucho ke usko shadi karni hai ya nahi salo ,CAG
  isko harek cheej se problem ,CAG
  bhakt yaha aake ise bhi justif kar denge ,NAG
  aise too koyi b kissi b ladki ka rape kar k us se shadi kare ga cahe ladki ko voh ladka pasand ho ya na ho ,CAG
  rapist ki shaadi karwane ki jagha uska sir udha dene chaheye ,OAG
  galat nu galat hi kehna chahida so sikhlo hale v time hega apni roots nu v phechan da ehi time hai mauka ,NAG
  sab headlines ke liye adha adhuri bat ko publish kar dete hain aur phir celebrity gyan pelne lagte hain ,CAG
  judiciary ka name satya hai ,NAG
  traditionalindianthought gajab karte hain yeh judge log wah ,CAG
  anilkapoor ke movie ke dialogue yaad aayaa kuch mangalsoothra ghareedlo and rape and shadi rape and shadi discusting ,OAG
  rapist ghoshit hone pe hi usko goli maar deni chahiye na court na order sidha insaaf ta k aage rape ,OAG
  my name is harish joshi from uttarakhand bageshwar m b e d karna chahta hu m poor fa ,NAG
  ye konsa swaal hua ek ladki ek aise ladke ke sath shaadi kar hi nhi sakti bhenchod ye konsa judge hai ,OAG
islam me convert tho nahi ho rahe ho kahe ,CAG
student ka bhi kat raha ,NAG
theshwetasingh aapne manali may katvali ,NAG
bhai tumhara twitter use karne ka andaz bada hi mast hai ,NAG
indian me khi bhi kat jata h kisika bhi aur aap to star ho ,NAG
salingerous tu bhi aisi selfie lena ,NAG
manali me baal katwa rhe ho bhaiya mannat hai kya ,NAG
bade log manali mei jaake katate hai ,NAG
katwane gye the manali tak ,CAG
mannat mangi thi ky ,NAG
bhai tu itna popular nehi hai jitna tu samaj tha ,NAG
katwane ke liye manali jaana zaruri ghar pe baithe baithe hi karti jata hai ,NAG
momo dene wale bhaiya baal bhi kat lete hain ,NAG
pata hai ye manali me baal katwa ta h juso14qdok  ,NAG
agreeneyedmnstr tu ye dekhtere hairs yaad aa gye ,NAG
kejriwal ko bolo wo katega sahi se jaise delhi walon ka kata ,CAG
chahe mujhe koi jungle kahe ,NAG
kyon kya money hiest ka remake nahi karna hai ,NAG
bahut hi wierd look hai bhai please jaldi se katwa lo ,CAG
arey yaar kuki pie ,NAG
maine bhi manali me hi shaving karwaii thi in ,NAG
kartik bhai manaali to hum jese garib jaate hai jo switzerland nahi jaa dekh kar khushi hui ,NAG
caption ishbar chalan nahi kuch aur katega ,NAG
chote hi change lagde chote vaal rakheyaa kar ,NAG
humara to delhi main cut raha hai woh bhi sarakar ke ,NAG
bhai kangana se bach kar rahena woh pura kaat deti hai abhi manali mai he hai ,CAG
to fir bhul bhlaiya ki shooting kaise ,NAG
 jitna chamkane me aur name badlne me kharch kiya agar uska 00001% bhi pitch ,CAG
 unn dono ka jeb se paisa laga hai aapko bulaya bhi nahi cricket me ,NAG
 stadium accha banaya hai par pitch tatti bana di sone ki thali me ,CAG
 post k liye kya kya karna padta hai ,NAG
 rajya sabha confirmed dada ,NAG
 _dharam_vir isme pura ahmedabad match dekh sakta hai ek saath baith ke ,NAG
 job pakki hai bhai ,NAG
 modiji and amit shah ko isliye dhanyawad bola jaa raha hai kyunki gujarat gover ,CAG
 kya kami thi dada jo ye sab karna pad raha hamare hero hai aap ye bengal ,NAG
 thanks amit shah unhone apne haath se ghaas lagayi hai pitch ,NAG
 honorable toh nhi hai na hi leadership ,NAG
 dada ne soch liya he politics me aane ka abhi se lick karna start kar diya ,CAG
 jay shah ko tag nahi kiya noukari na chale jaye thoda dekh ke tweet kiya karo ,CAG
 sabse tez phekne wale ka khud ka stadium waah aab practice me koi kami nhi ,NAG
 woh sb chodho shakha man ye btao permanent shakha patta kab pahan rahe hai ,NAG
 name m kiya rakha badal diya jayega fir ,NAG
 ek kaam karo tum sab milke amadabad ko hi capital banado neu12tv1of  ,CAG
 patel ke nam pe vote patelo ko ijjat nahi di rone wale ab kaha mar gaye madarchod,OAG
 bhai kuch credit gcamotera ka b hain ,NAG
  stadium me kuch problem ho to modi ko gaali do lekin agar stadium acha ba ,NAG
 ab isme modi aur amit shah ka kya kaam har baat mai goverment officials ko lena zaroori hai ,NAG
 chairman ko bhi inta praise nahi milta tha ,NAG
 ranga billa ka name na liye kuch hazam nahi hota bsdk dada aapko ,OAG
 get well soon dada ,NAG
 dada ami apnak speed post korechilam pls ektu dekhe janaben ami apnar okhne giy ,NAG
 bhai baar hogya amit shah good ,NAG
madam please mujhe a koi koi chhota motor roll dila ,NAG
 akshaysuniverseisko bej diya na canada 9bybckxoq8  ,NAG
kabhi ham fans ke liye bhi tweet kar diya karo ,NAG
kuch to sarm karo bhchd ki farmers road per he aur tu ,OAG
asalam o alaikum to all friends i m jobless ,NAG
berojgar ko bhi kbhi support kar ligiye ,NAG
ek banda lic agent uski ki gyi har insur ,NAG
  apne dil ke awaaj suno yaha to log mitte ki khusbu se bata dete ke kis state se ayye fir aa ,NAG
  kal aayega gali me thele wala leke kilo ke bhav kharid lijiyega madam ,CAG
  aap direct pm se puchh sakti hai vo bata denge log tarah ki baate itna time kyu barbaad kar rhi ,CAG
  aasli kabhi nahi aayegi duplicate aa ,NAG
  bahar ke deshon me test horahi hai abhi pehle videshiyon par test hone do sabar rakho ab ki  ,CAG
  prada ki vaccine aaegi tab lagwana ,NAG
  are news paper news channel govt of india ke website bhi dekha baaki phaltu ke kaam karti ,CAG
  pehle kehte the corona kuch nahi hai sab govt ka khel hai who se rupees lene ab vaccine kyu chahiye sab ko ,CAG
  itna re tweet kardo ki saara twitter dhuan dhuan ho jaye bheekh nhi ab apna haqq chahiye modi_rojgar_do  ,OAG
  sonam ji very kuch time wait karne ke baad hi pata chalega ki kya sahi hai aur kya galat ,CAG
  mat lagwana tumhare liye pakistan wale china ka maal bhejenge wo hi accept karegi tumhari ,OAG
  vaccine leke bhi fayda kya he mam mujhe firse corona ,NAG
  coronil khao khud jaan se jao ,CAG
  news dekh lo madam ya ye bhi swara ,CAG
  coronil khulayein corona ,NAG
  news dekh liya karo sab cheej social media se hi confirm karogi to confuse hi hogi ,CAG
yrr me isi ka wait kar raha tha finally ek bhai ne dusre bhai ko wish kardiya you both are amazing ,NAG
neem ka patta kadwa hai berojgar tiktik bhadwa ,OAG
chinfi star hawasi berozgaar bhadv,OAG
ye benchod mere paas ek script hai bol kam karega mere sath ,OAG
we want vikaram ,NAG
itigershroff thanks bhai iss naale ko dene ke ,CAG
baap ko izzat se wish kar nalle  mdrchd,OAG
tu abhi yaha bday wish kar eaha hai meanwhile arjun aur suzanne ka https:  t ,NAG
bhai meri beti ka bhi birthday hai wish kar ,NAG
tabhi sochu sabse bade bhadwe ka tweet kaise nahi aaya ,OAG
ab sath me shradha kappor ko bhi wish kar ,NAG
march ki badhai march ko hadh ho gayi ,NAG
arre mera bhai birthday khatam ho gaya uske baad aap wish kar rahe ho kya aaj waise ,NAG
seekho kuch kab tak ad karte ,NAG
written by rajat arora ye huyi na baat chutiya samji ko dur ,OAG
 itigershroff urstrulykabirngemovies apna khud ka ke poster to ban nahi pata tu ,CAG
ab ye kon si movie ki remake hogi i wish ho bhi toh dekhi naa ,NAG
is baar kon kidnap ho raha ,NAG
iss baar pakka hero ki tarah dikhoge na bhai kyuki last ,NAG
film golden jubilee hit hoga jai ,NAG
haters ki gaand faat gyi hogi foster ,OAG
thik hai thik hai pehle happy birthday bhai ,NAG
tumhe aati nhi meri jaati nhi heropanthi ,NAG
tiger destroyed rajiv jhariya ,NAG
jabardast maza aa gaya poster dekh ,NAG
comments me jis jis ki gaand jali hai unke liye ,CAG
baghi aur me john rambo ki maa behen ki ab is film me john wick ki ,OAG
 dishpatani yaar i think pehli baar kuch acha tweet ki ho ,NAG
 dishpatani ab aap bhi paiso ke liye tweet karengi ,NAG
ap ky hagai to kana eat para hai os ka vallian kon hai ,NAG
macha diya disha patani ne ek villan returns ,NAG
basket ball khelati bhi ho kya sirf style ke liye pehena hai ,NAG
kiya aap meri help kar sakti ,NAG
rahul gandhi is the best   ,NAG
godi media me berojgaar youth ki problem par kahi bhi sach nhi dikhaya ab teacher ,NAG
dear madam mai bahut garib paribarse hu mujhe kuch help chaihe mai asa karti hu mera ba ,NAG
tumhara sunday deekh kar hamare monday maan gya ,NAG
aap ko guru randhawa be like kiya he to me bhi karti ,NAG
aisa sunday ke liye to week ka baanki din jaan de kar log intezaar kareinge ,NAG
are sir kabhi toh apni constituency ke liye bhi bat kar liya karo logo ne aapko faltu ,CAG
sir good morning sir aap kabhi brojgari k mudde par bhi sansad bhawan mein bat kar li ,NAG
sir aapka jan rasoi me khana am tak hi khatam ho jata hai address new ashok ,NAG
modi ko boliye youth ki bhi sune ,NAG
are gambhir abhi ek match baki hai abhi tweet nahi karna ,NAG
2 words rojgar pe v bol do gauti bhai bjp me jane ke bad jameer ko hi bech chuke kya ,CAG
yuvstrong12 aisa simple tweet bhi kiya jaa sakta hai ,NAG
bhai ashwin ko najar mat laga india ko match aur jitna ,NAG
  baap jesa sahi kaha he logo ne tu chahal ko bhangi bolta he firstly khudh ka giriban jakk bhadwe ,OAG
chutya foreigners kiye toh chamatkar hum kiye toh balatkar ,OAG
jara ap ye batao apne kitna test ,NAG
